Cut the Rope,com.chillingo.cuttherope,free.webp,the original iOS classic — once paid, later free,10
,v1.0,,https://archive.org/download/Cut_the_Rope_1.0_ios_3.0/Cut_the_Rope_1.0_ios_3.0.ipa
,,,https://archive.org/download/Cut_the_Rope_1.0_ios_3.2/Cut_the_Rope_1.0_ios_3.2.ipa
,,,https://archive.org/download/cutthe-rope/CuttheRope.ipa
,v1.1,,https://archive.org/download/Cut_the_Rope_1.1_ios_3.0/Cut_the_Rope_1.1_ios_3.0.ipa
,,,https://archive.org/download/cut-the-rope_202301/Cut_the_Rope_v1.1.ipa
,v1.1.0,,https://archive.org/download/cut-the-rope-collection/Cut%20the%20Rope%201.1.0.ipa
,v1.1.1,,https://archive.org/download/cut-the-rope-collection/Cut%20the%20Rope%201.1.1.ipa
,,,https://archive.org/download/Cut_the_Rope_1.1.1_ios_3.0/Cut_the_Rope_1.1.1_ios_3.0.ipa
,v1.1.2,,https://archive.org/download/cut-the-rope-1.1.2/Cut%20the%20Rope%201.1.2.ipa
,,,https://archive.org/download/Cut_the_Rope_1.1.2_ios_3.2/Cut_the_Rope_1.1.2_ios_3.2.ipa
,,,https://archive.org/download/Cut_the_Rope_1.1.2_ios_5.0/Cut_the_Rope_1.1.2_ios_5.0.ipa
,v1.2,,https://archive.org/download/cut-the-rope-collection/Cut%20the%20Rope%201.2.ipa
,,,https://archive.org/download/Cut_the_Rope_1.2_ios_3.0/Cut_the_Rope_1.2_ios_3.0.ipa
,v1.2.1,,https://archive.org/download/Cut_the_Rope_1.2.1_ios_3.0/Cut_the_Rope_1.2.1_ios_3.0.ipa
,v1.3,,https://archive.org/download/cut-the-rope-collection/Cut%20the%20Rope%201.3.ipa
,,,https://archive.org/download/Cut_the_Rope_1.3_ios_3.0/Cut_the_Rope_1.3_ios_3.0.ipa
,,,https://archive.org/download/cut-the-rope-chillingo-ltd-v-1.4-lp-os-30.rc-333-613/Cut%20the%20Rope%20%5BChillingo%20Ltd%5D%20%28v1.4%20LP%20os30%29.rc333_613.ipa
,v1.4,,https://archive.org/download/cut-the-rope-collection/Cut%20the%20Rope%201.4.ipa
,,,https://archive.org/download/Cut_the_Rope_1.4_ios_3.0/Cut_the_Rope_1.4_ios_3.0.ipa
,,,https://archive.org/download/cut-the-rope_202301/Cut%20the%20Rope%28v1.4%29.ipa
,v1.5,,https://archive.org/download/cut-the-rope-collection/Cut%20the%20Rope%201.5.ipa
,,,https://archive.org/download/Cut_the_Rope_1.5_ios_3.0/Cut_the_Rope_1.5_ios_3.0.ipa
,v1.5.1,,https://archive.org/download/Cut_the_Rope_1.5.1_ios_4.3/Cut_the_Rope_1.5.1_ios_4.3.ipa
,v1.6,,https://archive.org/download/cut-the-rope-collection/Cut%20the%20Rope%201.6.ipa
,,,https://archive.org/download/cut-the-rope-1.6/Cut%20The%20Rope%201.6.ipa
,,,https://archive.org/download/Cut_the_Rope_1.6_ios_3.0/Cut_the_Rope_1.6_ios_3.0.ipa
,v1.6.1,,https://archive.org/download/Cut_the_Rope_1.6.1_ios_4.3/Cut_the_Rope_1.6.1_ios_4.3.ipa
,v1.7,,https://archive.org/download/cut-the-rope-collection/Cut%20the%20Rope%201.7.ipa
,,,https://archive.org/download/Cut_the_Rope_1.7_ios_3.0/Cut_the_Rope_1.7_ios_3.0.ipa
,,,https://archive.org/download/Cut_the_Rope_1.7_ios_4.3/Cut_the_Rope_1.7_ios_4.3.ipa
,,,https://archive.org/download/cut-the-rope_202301/Cut%20the%20Rope%20-%20%28v1.7%29%20-%20iOS4.3.ipa
,v1.7.1,,https://archive.org/download/Cut_the_Rope_1.7.1_ios_3.0/Cut_the_Rope_1.7.1_ios_3.0.ipa
,v1.7.4,,https://archive.org/download/cut-the-rope_202301/Cut%20the%20Rope%20-%20%28v1.7.4%29%20-%20iOS5.0.ipa
,v1.7.7,,https://archive.org/download/Cut_the_Rope_1.7.7_ios_5.0/Cut_the_Rope_1.7.7_ios_5.0.ipa
,v1.8.2,,https://archive.org/download/cut-the-rope-1.8.2-app-only/Cut%20the%20Rope_1.8.2_AppOnly.ipa
,,,https://archive.org/download/Cut_the_Rope_1.8.2_ios_6.0/Cut_the_Rope_1.8.2_ios_6.0.ipa
,v1.9,,https://archive.org/download/cut-the-rope-collection/Cut%20the%20Rope%201.9.ipa
,,,https://archive.org/download/Cut_the_Rope_1.9_ios_3.0/Cut_the_Rope_1.9_ios_3.0.ipa
,v1.9.0,,https://archive.org/download/Cut_the_Rope_1.9.0_ios_8.0/Cut_the_Rope_1.9.0_ios_8.0.ipa
,v1.9.1,,https://archive.org/download/Cut_the_Rope_1.9.1_ios_8.0/Cut_the_Rope_1.9.1_ios_8.0.ipa
,v1.11.0,,https://archive.org/download/Cut_the_Rope_1.11.0_ios_8.0/Cut_the_Rope_1.11.0_ios_8.0.ipa
,,,https://archive.org/download/cut_the_rope_1.11.0_ios_10.0/Cut_the_Rope_1.11.0_ios_10.0.ipa
,v1.11.1,,https://archive.org/download/Cut_the_Rope_1.11.1_ios_8.0/Cut_the_Rope_1.11.1_ios_8.0.ipa
,v1.13.3,,https://archive.org/download/Cut_the_Rope_1.13.3_ios_8.0/Cut_the_Rope_1.13.3_ios_8.0.ipa
,v1.15.0,,https://archive.org/download/Cut_the_Rope_1.15.0_ios_12.0/Cut_the_Rope_1.15.0_ios_12.0.ipa
,v1.17.2 (iOS 8),,https://archive.org/download/Cut_the_Rope_1.17.2_ios_8.0/Cut_the_Rope_1.17.2_ios_8.0.ipa
,v1.17.2 (iOS 12),,https://archive.org/download/Cut_the_Rope_1.17.2_ios_12.2/Cut_the_Rope_1.17.2_ios_12.2.ipa
,v1.19.3,,https://archive.org/download/Cut_the_Rope_1.19.3_ios_8.0/Cut_the_Rope_1.19.3_ios_8.0.ipa
,v2.0,,https://archive.org/download/cut-the-rope-collection/Cut%20the%20Rope%202.0.ipa
,v2.1,,https://archive.org/download/cut-the-rope-collection/Cut%20the%20Rope%202.1.ipa
,v2.2.0,,https://archive.org/download/cut-the-rope-collection/Cut%20the%20Rope%202.2.0.ipa
,v2.2.1,,https://archive.org/download/cut-the-rope-collection/Cut%20the%20Rope%202.2.1.ipa
,v2.2.2,,https://archive.org/download/cut-the-rope-collection/Cut%20the%20Rope%202.2.2.ipa
,,,https://archive.org/download/Cut_the_Rope_2.2.2_ios_4.3/Cut_the_Rope_2.2.2_ios_4.3.ipa
,v2.3.0,,https://archive.org/download/cut-the-rope-collection/Cut%20the%20Rope%202.3.0.ipa
,v2.3.1,,https://archive.org/download/cut-the-rope-collection/Cut%20the%20Rope%202.3.1.ipa
,,,https://archive.org/download/cut-the-rope-2.3.1-app-only/Cut%20the%20Rope_2.3.1_AppOnly.ipa
,v2.3.2,,https://archive.org/download/cut-the-rope-collection/Cut%20the%20Rope%202.3.2%20%5BiOS4.3%5D.ipa
,,,https://archive.org/download/Cut_the_Rope_2.3.2_ios_4.3/Cut_the_Rope_2.3.2_ios_4.3.ipa
,,,https://archive.org/download/Cut_the_Rope_2.3_ios_4.3/Cut_the_Rope_2.3_ios_4.3.ipa
,v2.4,,https://archive.org/download/cut-the-rope-collection/Cut%20the%20Rope%202.4.ipa
,,,https://archive.org/download/Cut_the_Rope_2.4_ios_5.0/Cut_the_Rope_2.4_ios_5.0.ipa
,v2.4.1,,https://archive.org/download/Cut_the_Rope_2.4.1_ios_5.0/Cut%20the%20Rope%20%28v2.4.1%29.ipa
,v2.4.4,,https://archive.org/download/Cut_the_Rope_2.4.4_ios_5.0/Cut_the_Rope_2.4.4_ios_5.0.ipa
,v2.5,,https://archive.org/download/cut-the-rope-collection/Cut%20the%20Rope%202.5%20%5BiOS5.0%5D.ipa
,,,https://archive.org/download/cut_the_rope_i5_ipa_2.5_ios_5.0/Cut_the_Rope_i5_ipa_2.5_ios_5.0.ipa
,v2.6,,https://archive.org/download/cut-the-rope-collection/Cut%20the%20Rope%202.6%20%5BiOS6.0%5D.ipa
,,,https://archive.org/download/Cut_the_Rope_2.6_ios_6.0/Cut_the_Rope_2.6_ios_6.0.ipa
,v3.3.0,,https://archive.org/download/cut-the-rope-3.3.0-app-only/Cut%20the%20Rope_3.3.0_AppOnly.ipa
,v3.10.3,,https://archive.org/download/cut-the-rope-3.10.3-64-bit/Cut%20the%20Rope%203.10.3%2064%20Bit.ipa
,v3.24.1,,https://archive.org/download/Cut_the_Rope_3.24.1_ios_8.0/Cut_the_Rope_3.24.1_ios_8.0.ipa
,v3.32.0,,https://archive.org/download/cut-the-rope-3.32.0/Cut%20the%20Rope%203.32.0.ipa
,v3.33.0,,https://archive.org/download/cut-the-rope-3.33.0/Cut%20the%20Rope%203.33.0.ipa
+ Cut the Rope GOLD,com.chillingo.cuttheropegold,free.webp,,10
,v2.7.0,,https://archive.org/download/cut-the-rope-collection/Cut%20the%20Rope%20GOLD%202.7.0.ipa
,,,https://archive.org/download/cut-the-rope_202301/Cut%20the%20Rope%20GOLD%202.7.0.ipa
,v2.7.1,,https://archive.org/download/cut-the-rope-collection/Cut%20the%20Rope%20GOLD%202.7.1.ipa
,v2.7.2,,https://archive.org/download/cut-the-rope-collection/Cut%20the%20Rope%20GOLD%202.7.2.ipa
,,,https://archive.org/download/cut_the_rope_2.7.2_ios_6.0/Cut_the_Rope_2.7.2_ios_6.0.ipa
,v2.7.0 (re-collection),,https://archive.org/download/Cut_the_Rope_2.7.0_ios_13/Cut_the_Rope_2.7.0_ios_13.ipa
,v3.10.3,,https://archive.org/download/cut-the-rope-collection/Cut%20the%20Rope%20GOLD%203.10.3.ipa
Cut the Rope Free (iOS),com.chillingo.cuttheropefree,free.webp,the limited free variant,8
,v1.3,,https://archive.org/download/chuzzle-android/01%20Cut%20the%20Rope%20Free%201.3%20%287167038%29.ipa
,v1.3.1,,https://archive.org/download/chuzzle-android/02%20Cut%20the%20Rope%20Free%201.3.1%20%288364033%29.ipa
,v1.4.1,,https://archive.org/download/chuzzle-android/03%20Cut%20the%20Rope%20Free%201.4.1%20%2810383045%29.ipa
,v1.4.2,,https://archive.org/download/chuzzle-android/04%20Cut%20the%20Rope%20Free%201.4.2%20%2810833833%29.ipa
,v2.0,,https://archive.org/download/chuzzle-android/05%20Cut%20the%20Rope%20Free%202.0%20%2811517265%29.ipa
,v2.0.1,,https://archive.org/download/chuzzle-android/06%20Cut%20the%20Rope%20Free%202.0.1%20%2812142884%29.ipa
,v2.1,,https://archive.org/download/chuzzle-android/07%20Cut%20the%20Rope%20Free%202.1%20%2813096453%29.ipa
,v2.2.2,,https://archive.org/download/chuzzle-android/08%20Cut%20the%20Rope%20Free%202.2.2%20%2814993234%29.ipa
,v2.3,,https://archive.org/download/chuzzle-android/09%20Cut%20the%20Rope%20Free%202.3%20%2815679213%29.ipa
,v2.3.1,,https://archive.org/download/chuzzle-android/10%20Cut%20the%20Rope%20Free%202.3.1%20%2816568365%29.ipa
,v2.3.2,,https://archive.org/download/chuzzle-android/11%20Cut%20the%20Rope%20Free%202.3.2%20%28186342636%29.ipa
,v2.3.6,,https://archive.org/download/chuzzle-android/12%20Cut%20the%20Rope%20Free%202.3.6%20%28422952667%29.ipa
,v2.3.7,,https://archive.org/download/chuzzle-android/13%20Cut%20the%20Rope%20Free%202.3.7%20%28595152656%29.ipa
,v2.3.8,,https://archive.org/download/chuzzle-android/14%20Cut%20the%20Rope%20Free%202.3.8%20%28668892745%29.ipa
,v2.4,,https://archive.org/download/chuzzle-android/15%20Cut%20the%20Rope%20Free%202.4%20%28709992728%29.ipa
,v2.4.4,,https://archive.org/download/chuzzle-android/16%20Cut%20the%20Rope%20Free%202.4.4%20%28811043570%29.ipa
,v2.4.5,,https://archive.org/download/chuzzle-android/17%20Cut%20the%20Rope%20Free%202.4.5%20%28811981747%29.ipa
,v2.6 (a),,https://archive.org/download/chuzzle-android/18%20Cut%20the%20Rope%20Free%202.6%20%28813172141%29.ipa
,v2.6 (b),,https://archive.org/download/chuzzle-android/19%20Cut%20the%20Rope%20Free%202.6%20%28838566592%29.ipa
Cut the Rope Lite,com.chillingo.cuttheropelite,free.webp,,6
,v1.1.2,,https://archive.org/download/cuttheropelite1.1.2/com.chillingo.cuttheropelite-iOS3.0-%28Clutch-2.0.4%29.ipa
,v2.3.8,,https://archive.org/download/com-chillingo-cuttheropelite-ios5-0-clutch-2-0-4-ipa/com.chillingo.cuttheropelite-iOS5.0-%28Clutch-2.0.4%29.ipa
,v2.3.1 (app only),,https://archive.org/download/cut-the-rope-2.3.1-app-only/Cut%20the%20Rope_2.3.1_AppOnly.ipa
,v3.3.0 (app only),,https://archive.org/download/cut-the-rope-3.3.0-app-only/Cut%20the%20Rope_3.3.0_AppOnly.ipa
Cut the Rope HD,com.chillingo.cuttheropehd,free.webp,iPad version of the original,8
,v1.0,,https://archive.org/download/cut-the-rope-hd-archive/Cut%20the%20Rope%20Original%20HD/Cut%20the%20Rope%20HD%20v1.0%20%28iOS%203.2%2B%29.ipa
,,,https://archive.org/download/cut-the-rope-hd-archive/Cut%20the%20Rope%20Original%20HD/Cut%20the%20Rope%20HD%20Free%20v2.3.1%20%28iOS%204.3%2B%29.ipa
,v1.1.2,,https://archive.org/download/cut-the-rope-hd-archive/Cut%20the%20Rope%20Original%20HD/Cut%20the%20Rope%20HD%20v1.1.2%20%28iOS%203.2%2B%29.ipa
,,,https://archive.org/download/cut-the-rope-hd-archive/Cut%20the%20Rope%20Original%20HD/Cut%20the%20Rope%20HD%20Free%20v2.3.1%20%28iOS%204.3%2B%29.ipa
,v1.2.1,,https://archive.org/download/cut-the-rope-hd-archive/Cut%20the%20Rope%20Original%20HD/Cut%20the%20Rope%20HD%20v1.2.1%20%28iOS%203.2%2B%29.ipa
,,,https://archive.org/download/cut-the-rope-hd-archive/Cut%20the%20Rope%20Original%20HD/Cut%20the%20Rope%20HD%20Free%20-%20Lite%201.0.ipa
,,,https://archive.org/download/Cut_the_Rope_HD_1.2.1_ios_3.2/Cut_the_Rope_HD_1.2.1_ios_3.2.ipa
,v1.6,,https://archive.org/download/cut-the-rope-hd-archive/Cut%20the%20Rope%20Original%20HD/Cut%20the%20Rope%20HD%20v1.6%20%28iOS%203.2%2B%29.ipa
,v1.7.1,,https://archive.org/download/cut-the-rope-hd-archive/Cut%20the%20Rope%20Original%20HD/Cut%20the%20Rope%20HD%20v1.7.1%20%28iOS%203.2%2B%29.ipa
,v1.9,,https://archive.org/download/cut-the-rope-hd-archive/Cut%20the%20Rope%20Original%20HD/Cut%20the%20Rope%20HD%20v1.9%20%28iOS%203.2%2B%29.ipa
,,,https://archive.org/download/cut-the-rope-hd-1.9_202111/Cut_the_Rope_HD_1.9.ipa
,v2.0.1,,https://archive.org/download/cut-the-rope-hd-archive/Cut%20the%20Rope%20Original%20HD/Cut%20the%20Rope%20HD%20v2.0.1%20%28iOS%204.3%2B%29.ipa
,v2.1,,https://archive.org/download/cut-the-rope-hd-archive/Cut%20the%20Rope%20Original%20HD/Cut%20the%20Rope%20HD%20v2.1%20%28iOS%204.3%2B%29.ipa
,v2.2,,https://archive.org/download/cut-the-rope-hd-archive/Cut%20the%20Rope%20Original%20HD/Cut%20the%20Rope%20HD%20v2.2%20%28iOS%204.3%2B%29.ipa
,,,https://archive.org/download/Cut_the_Rope_HD_2.2_ios_4.3/Cut_the_Rope_HD_2.2_ios_4.3.ipa
,v2.3.2,,https://archive.org/download/cut-the-rope-hd-archive/Cut%20the%20Rope%20Original%20HD/Cut%20the%20Rope%20HD%20v2.3.2%20%28iOS%204.3%2B%29.ipa
,,,https://archive.org/download/Cut_the_Rope_HD_2.3.2_ios_4.3/Cut_the_Rope_HD_2.3.2_ios_4.3.ipa
,v2.3.1 Free,,https://archive.org/download/cut-the-rope-hd-archive/Cut%20the%20Rope%20Original%20HD/Cut%20the%20Rope%20HD%20Free%20v2.3.1%20%28iOS%204.3%2B%29.ipa
,v2.4.3,,https://archive.org/download/cut-the-rope-hd-archive/Cut%20the%20Rope%20Original%20HD/Cut%20the%20Rope%20HD%20v2.4.3%20%28iOS%205.0%2B%29.ipa
,v2.5,,https://archive.org/download/cut-the-rope-hd-archive/Cut%20the%20Rope%20Original%20HD/Cut%20the%20Rope%20HD%20v2.5%20%28iOS%205.0%2B%29.ipa
,,,https://archive.org/download/Cut_the_Rope_HD_2.5_ios_5.0/Cut_the_Rope_HD_2.5_ios_5.0.ipa
,,,https://archive.org/download/cut-the-rope-hd-archive/Cut%20the%20Rope%20Original%20HD/Cut%20the%20Rope%20HD%20Free%20-%20Lite%201.2%20%281.2.1%29.ipa
,v2.6,,https://archive.org/download/cut-the-rope-hd-archive/Cut%20the%20Rope%20Original%20HD/Cut%20the%20Rope%20HD%20v2.6%20%28iOS%206.0%2B%29%20%5B64-bit%20support%5D.ipa
,,,https://archive.org/download/cut-the-rope-hd-archive/Cut%20the%20Rope%20Original%20HD/Cut%20the%20Rope%20HD%20Free%20v2.6%20%28iOS%206.0%2B%29%20%5B64-bit%20support%5D.ipa
,,,https://archive.org/download/cut-the-rope_202301/Cut%20the%20Rope%20Original%20HD%20Free%20%5BEA%20Chillingo%5D%20%28v2.6%20v77149%20iPad%20LP%20os60%29.rc333_812.ipa
,v2.7.3,,https://archive.org/download/cut-the-rope-hd-archive/Cut%20the%20Rope%20Original%20HD/Cut%20the%20Rope%20HD%20v2.7.3%20%28iOS%206.0%2B%29.ipa
,,,https://archive.org/download/Cut_the_Rope_HD_2.7.3_ios_6.0/Cut_the_Rope_HD_2.7.3_ios_6.0.ipa
+ Cut the Rope HD Lite,com.chillingo.cuttheropehdlite,free.webp,,6
,v1.0,,https://archive.org/download/cut-the-rope-original-hd-free-lite-ios-old-versions-1.0-1.2.2/Cut%20the%20Rope%20Original%20HD%20Free%20-%20Lite%201.0.ipa
,v1.1,,https://archive.org/download/cut-the-rope-original-hd-free-lite-ios-old-versions-1.0-1.2.2/Cut%20the%20Rope%20Original%20HD%20Free%20-%20Lite%201.1.ipa
,v1.1.2,,https://archive.org/download/cut-the-rope-original-hd-free-lite-ios-old-versions-1.0-1.2.2/Cut%20the%20Rope%20Original%20HD%20Free%20-%20Lite%201.1.2.ipa
,v1.2.1,,https://archive.org/download/cut-the-rope-original-hd-free-lite-ios-old-versions-1.0-1.2.2/Cut%20the%20Rope%20Original%20HD%20Free%20-%20Lite%201.2%20%281.2.1%29.ipa
,v1.2.2,,https://archive.org/download/cut-the-rope-original-hd-free-lite-ios-old-versions-1.0-1.2.2/Cut%20the%20Rope%20Original%20HD%20Free%20-%20Lite%201.2.2.ipa
,,,https://archive.org/download/cut-the-rope-hd-archive/Cut%20the%20Rope%20Original%20HD/Cut%20the%20Rope%20HD%20Lite%20v1.2.2%20%28iOS%203.2%2B%29.ipa
,,,https://archive.org/download/Cut_the_Rope_HD_Lite_1.2.2_ios_3.2/Cut_the_Rope_HD_Lite_1.2.2_ios_3.2.ipa
,v1.6.1,,https://archive.org/download/cut.the.-rope.-hd-v-1.1.2/Cut.the.Rope.HD-v1.1.2.ipa
+ Cut the Rope HD Free,com.chillingo.cuttheropehdfree,free.webp,,6
,v2.3.1,,https://archive.org/download/cut-the-rope-hd-archive/Cut%20the%20Rope%20Original%20HD/Cut%20the%20Rope%20HD%20Free%20v2.3.1%20%28iOS%204.3%2B%29.ipa
,v2.6,,https://archive.org/download/cut-the-rope-hd-archive/Cut%20the%20Rope%20Original%20HD/Cut%20the%20Rope%20HD%20Free%20v2.6%20%28iOS%206.0%2B%29%20%5B64-bit%20support%5D.ipa
Cut the Rope Experiments,com.zeptolab.ctrexperiments,experiments.webp,,8
,v1.1.1,,https://archive.org/download/Cut_the_Rope__Experiments_1.1.1_ios_3.0/Cut_the_Rope__Experiments_1.1.1_ios_3.0.ipa
,v1.2,,https://archive.org/download/Cut_the_Rope__Experiments_1.2_ios_3.0/Cut_the_Rope__Experiments_1.2_ios_3.0.ipa
,v1.4.1,,https://archive.org/download/Cut_the_Rope__Experiments_1.4.1_ios_3.0/Cut_the_Rope__Experiments_1.4.1_ios_3.0.ipa
,v1.6.2,,https://archive.org/download/Cut_the_Rope__Experiments_1.6.2_ios_4.3/Cut_the_Rope__Experiments_1.6.2_ios_4.3.ipa
,,,https://archive.org/download/cut-the-rope_202301/Cut%2Bthe%2BRope%2BExperiments%2B%28v1.6%29.ipa
,v1.7.0,,https://archive.org/download/com-zeptolab-ctrexperiments-ios4-3-clutch-2-0-4-ipa/com.zeptolab.ctrexperiments-iOS4.3-%28Clutch-2.0.4%29.ipa
,v1.7.2,,https://archive.org/download/cut-the-rope_202301/Cut_the_Rope_Experiments__v1.7.2_LP_os50_-Locophone-ICPDA.rc318.ipa
,v1.7.6,,https://archive.org/download/cut-the-rope_202301/Cut_the_Rope_Experiments_1.7.6.ipa
+ Cut the Rope Experiments HD,com.zeptolab.ctrexperimentshd,experiments.webp,,6
,v1.1.1,,https://archive.org/download/cut-the-rope-hd-archive/Cut%20the%20Rope%20Experiments%20HD/Cut%20the%20Rope%20Experiments%20HD%20v1.1.1%20%28iOS%203.2%2B%29.ipa
,v1.2.1,,https://archive.org/download/cut-the-rope-hd-archive/Cut%20the%20Rope%20Experiments%20HD/Cut%20the%20Rope%20Experiments%20HD%20v1.2.1%20%28iOS%203.2%2B%29.ipa
,,,https://archive.org/download/ctrex/Cut%20the%20Rope%20Experiments%20HD%201.2.1.ipa
,v1.3,,https://archive.org/download/cut-the-rope-hd-archive/Cut%20the%20Rope%20Experiments%20HD/Cut%20the%20Rope%20Experiments%20HD%20v1.3%20%28iOS%203.2%2B%29.ipa
,v1.4.1,,https://archive.org/download/cut-the-rope-hd-archive/Cut%20the%20Rope%20Experiments%20HD/Cut%20the%20Rope%20Experiments%20HD%20v1.4.1%20%28iOS%203.2%2B%29.ipa
,v1.5.1,,https://archive.org/download/cut-the-rope-hd-archive/Cut%20the%20Rope%20Experiments%20HD/Cut%20the%20Rope%20Experiments%20HD%20v1.5.1%20%28iOS%204.3%2B%29.ipa
,v1.6.2,,https://archive.org/download/cut-the-rope-hd-archive/Cut%20the%20Rope%20Experiments%20HD/Cut%20the%20Rope%20Experiments%20HD%20v1.6.2%20%28iOS%204.3%2B%29.ipa
,,,https://archive.org/download/Cut_the_Rope__Experiments_HD_1.6.2_ios_4.3/Cut_the_Rope__Experiments_HD_1.6.2_ios_4.3.ipa
,v1.7,,https://archive.org/download/cut-the-rope-hd-archive/Cut%20the%20Rope%20Experiments%20HD/Cut%20the%20Rope%20Experiments%20HD%20Free%20v1.7%20%28iOS%204.3%2B%29.ipa
,v1.7.3,,https://archive.org/download/Cut_the_Rope__Experiments_HD_1.7.3_ios_5.0/Cut_the_Rope__Experiments_HD_1.7.3_ios_5.0.ipa
,v1.7.4,,https://archive.org/download/cut-the-rope-hd-archive/Cut%20the%20Rope%20Experiments%20HD/Cut%20the%20Rope%20Experiments%20HD%20v1.7.4%20%28iOS%205.0%2B%29.ipa
,v1.7.6,,https://archive.org/download/cut-the-rope-hd-archive/Cut%20the%20Rope%20Experiments%20HD/Cut%20the%20Rope%20Experiments%20HD%20v1.7.6%20%28iOS%206.0%2B%29.ipa
,,,https://archive.org/download/Cut_the_Rope__Experiments_HD_1.7.6_ios_6.0/Cut_the_Rope__Experiments_HD_1.7.6_ios_6.0.ipa
,v1.8.2,,https://archive.org/download/cut-the-rope-hd-archive/Cut%20the%20Rope%20Experiments%20HD/Cut%20The%20Rope%20Experiments%20HD%20Free%20v1.8.2%20%28iOS%206.0%2B%29%20%5B64-bit%20support%5D.ipa
Cut the Rope 2,com.zeptolab.cuttherope2ios,ctr2.webp,,9
,v1.0,,https://archive.org/download/cut-the-rope-2-v-1.0/Cut%20the%20Rope%202-v1.0-Thomas_xxxxx.ipa
,v1.0.1,,https://archive.org/download/Cut_the_Rope_2_1.0.1_ios_4.3/Cut_the_Rope_2_1.0.1_ios_4.3.ipa
,v1.6.9,,https://archive.org/download/cut_the_rope_2_h7_ipa_1.6.9_ios_6.0/Cut_the_Rope_2_h7_ipa_1.6.9_ios_6.0.ipa
,,,https://iosvizor.com/games/puzzle/cut-the-rope-2/download/v1.6.9-ipa/
,v1.19.3,,https://archive.org/download/cut-the-rope-2-v-1.19.3-hs/Cut%20The%20Rope%202%20v1.19.3%20HS.ipa
Cut the Rope: Time Travel,com.zeptolab.cutttheropetimetravel,timetravel.webp,,7
,v1.0,,https://archive.org/download/cut-the-rope-hd-archive/Cut%20the%20Rope%20Time%20Travel%20HD/Cut%20the%20Rope%20Time%20Travel%20HD%20v1.0%20%28iOS%204.3%2B%29.ipa
,,,https://archive.org/download/Cut_the_Rope__Time_Travel_1.0_ios_4.3/Cut_the_Rope__Time_Travel_1.0_ios_4.3.ipa
,v1.1.2,,https://archive.org/download/cut-the-rope-hd-archive/Cut%20the%20Rope%20Time%20Travel%20HD/Cut%20the%20Rope%20Time%20Travel%20HD%20v1.1.2%20%28iOS%204.3%2B%29.ipa
,v1.2.1,,https://archive.org/download/cut-the-rope-hd-archive/Cut%20the%20Rope%20Time%20Travel%20HD/Cut%20the%20Rope%20Time%20Travel%20HD%20v1.2.1%20%28iOS%204.3%2B%29.ipa
,,,https://archive.org/download/Cut_the_Rope__Time_Travel_1.2.1_ios_4.3/Cut_the_Rope__Time_Travel_1.2.1_ios_4.3.ipa
,v1.3.2,,https://archive.org/download/cut-the-rope-hd-archive/Cut%20the%20Rope%20Time%20Travel%20HD/Cut%20the%20Rope%20Time%20Travel%20HD%20v1.3.2%20%28iOS%204.3%2B%29.ipa
,v1.4.2,,https://archive.org/download/cut-the-rope-hd-archive/Cut%20the%20Rope%20Time%20Travel%20HD/Cut%20the%20Rope%20Time%20Travel%20HD%20v1.4.2%20%28iOS%205.0%2B%29.ipa
,v1.4.3,,https://archive.org/download/cut-the-rope-hd-archive/Cut%20the%20Rope%20Time%20Travel%20HD/Cut%20the%20Rope%20Time%20Travel%20HD%20v1.4.3%20%28iOS%206.0%2B%29.ipa
,,,https://archive.org/download/cut-the-rope_202301/Cut_the_Rope_Time_Travel__v1.4.3_3GS_LP_os60_-Locophone-ICPDA.rc323.ipa
,,,https://archive.org/download/CutTheRopeTimeTravelV1.4.33GSLPOs60LocophoneICPDA.rc323/Cut_the_Rope_Time_Travel__v1.4.3_3GS_LP_os60_-Locophone-ICPDA.rc323.ipa
,v1.5.0,,https://archive.org/download/cut-the-rope-hd-archive/Cut%20the%20Rope%20Time%20Travel%20HD/Cut%20the%20Rope%20Time%20Travel%20HD%20v1.5.0%20%28iOS%206.0%2B%29.ipa
,,,https://archive.org/download/cut-the-rope_202301/Cut%20the%20Rope%20Time%20Travel%20HD-v1.5.0.ipa
,,,https://archive.org/download/Cut_the_Rope__Time_Travel_HD_1.5.0_ios_6.0/Cut_the_Rope__Time_Travel_HD_1.5.0_ios_6.0.ipa
,v1.9.0,,https://archive.org/download/cut-the-rope-time-travel-v-1.9.0-hs/Cut%20The%20Rope%20TimeTravel%20v1.9.0%20HS.ipa
,v1.18.0,,https://archive.org/download/Cut_the_Rope__Time_Travel_1.18.0_ios_13.0/Cut_the_Rope__Time_Travel_1.18.0_ios_13.0.ipa
,,,https://archive.org/download/com.zeptolab.timetravel/94ca6c772af660be444a82082abc4e4f.ipa
+ Cut the Rope: Time Travel HD,com.zeptolab.cutttheropetimetravelhd,timetravel.webp,,5
,v1.2.1,,https://archive.org/download/Cut_the_Rope__Time_Travel_HD_1.2.1_ios_4.3/Cut_the_Rope__Time_Travel_HD_1.2.1_ios_4.3.ipa
Cut the Rope: Magic,com.zeptolab.ctrmagic,magic.webp,,7
,v1.0.0,,https://archive.org/download/Cut_the_Rope__Magic_1.0.0_ios_7.0/Cut_the_Rope__Magic_1.0.0_ios_7.0.ipa
,v1.1.0,,https://archive.org/download/cut-the-rope-magic-v-1.11.0-hs/Cut%20The%20Rope%20Magic%20v1.11.0%20HS.ipa
,v1.5.0,,https://archive.org/download/cut-the-rope-magic-app/Cut%20the%20Rope%20Magic%20F2P%20%28iOS%29/01%20Cut%20the%20Rope%20Magic%20F2P%201.5.0.ipa
,v1.5.1,,https://archive.org/download/cut-the-rope-magic-app/Cut%20the%20Rope%20Magic%20F2P%20%28iOS%29/02%20Cut%20the%20Rope%20Magic%20F2P%201.5.1.ipa
,v1.5.2,,https://archive.org/download/cut-the-rope-magic-app/Cut%20the%20Rope%20Magic%20F2P%20%28iOS%29/03%20Cut%20the%20Rope%20Magic%20F2P%201.5.2.ipa
,v1.6.0,,https://archive.org/download/cut-the-rope-magic-app/Cut%20the%20Rope%20Magic%20F2P%20%28iOS%29/04%20Cut%20the%20Rope%20Magic%20F2P%201.6.0.ipa
,,,https://iosvizor.com/games/puzzle/cut-the-rope-magic/download/v1.3.0-ipa/
,v1.7.0,,https://archive.org/download/cut-the-rope-magic-app/Cut%20the%20Rope%20Magic%20F2P%20%28iOS%29/05%20Cut%20the%20Rope%20Magic%20F2P%201.7.0.ipa
,v1.7.1 (1),,https://archive.org/download/cut-the-rope-magic-app/Cut%20the%20Rope%20Magic%20F2P%20%28iOS%29/06%20Cut%20the%20Rope%20Magic%20F2P%201.7.1%20%281%29.ipa
,v1.7.1 (2),,https://archive.org/download/cut-the-rope-magic-app/Cut%20the%20Rope%20Magic%20F2P%20%28iOS%29/07%20Cut%20the%20Rope%20Magic%20F2P%201.7.1%20%282%29.ipa
,v1.8.0,,https://archive.org/download/cut-the-rope-magic-app/Cut%20the%20Rope%20Magic%20F2P%20%28iOS%29/08%20Cut%20the%20Rope%20Magic%20F2P%201.8.0.ipa
,v1.8.1,,https://archive.org/download/cut-the-rope-magic-app/Cut%20the%20Rope%20Magic%20F2P%20%28iOS%29/09%20Cut%20the%20Rope%20Magic%20F2P%201.8.1.ipa
,v1.9.0,,https://archive.org/download/cut-the-rope-magic-app/Cut%20the%20Rope%20Magic%20F2P%20%28iOS%29/10%20Cut%20the%20Rope%20Magic%20F2P%201.9.0.ipa
,v1.10.0,,https://archive.org/download/cut-the-rope-magic-app/Cut%20the%20Rope%20Magic%20F2P%20%28iOS%29/11%20Cut%20the%20Rope%20Magic%20F2P%201.10.0.ipa
,v1.11.0,,https://archive.org/download/cut-the-rope-magic-app/Cut%20the%20Rope%20Magic%20F2P%20%28iOS%29/12%20Cut%20the%20Rope%20Magic%20F2P%201.11.0.ipa
,v1.12.2,,https://archive.org/download/cut-the-rope-magic-app/Cut%20the%20Rope%20Magic%20F2P%20%28iOS%29/13%20Cut%20the%20Rope%20Magic%20F2P%201.12.2.ipa
,v1.12.3,,https://archive.org/download/cut-the-rope-magic-app/Cut%20the%20Rope%20Magic%20F2P%20%28iOS%29/14%20Cut%20the%20Rope%20Magic%20F2P%201.12.3.ipa
,v1.13.0,,https://archive.org/download/cut-the-rope-magic-app/Cut%20the%20Rope%20Magic%20F2P%20%28iOS%29/15%20Cut%20the%20Rope%20Magic%20F2P%201.13.0.ipa
,v1.14.0 (1),,https://archive.org/download/cut-the-rope-magic-app/Cut%20the%20Rope%20Magic%20F2P%20%28iOS%29/16%20Cut%20the%20Rope%20Magic%20F2P%201.14.0%20%281%29.ipa
,v1.14.0 (2),,https://archive.org/download/cut-the-rope-magic-app/Cut%20the%20Rope%20Magic%20F2P%20%28iOS%29/17%20Cut%20the%20Rope%20Magic%20F2P%201.14.0%20%282%29.ipa
,v1.15.1 (1),,https://archive.org/download/cut-the-rope-magic-app/Cut%20the%20Rope%20Magic%20F2P%20%28iOS%29/18%20Cut%20the%20Rope%20Magic%20F2P%201.15.1%20%281%29.ipa
,v1.15.1 (2),,https://archive.org/download/cut-the-rope-magic-app/Cut%20the%20Rope%20Magic%20F2P%20%28iOS%29/19%20Cut%20the%20Rope%20Magic%20F2P%201.15.1%20%282%29.ipa
,v1.15.1 (3),,https://archive.org/download/cut-the-rope-magic-app/Cut%20the%20Rope%20Magic%20F2P%20%28iOS%29/20%20Cut%20the%20Rope%20Magic%20F2P%201.15.1%20%283%29.ipa
,v1.15.1 (4),,https://archive.org/download/cut-the-rope-magic-app/Cut%20the%20Rope%20Magic%20F2P%20%28iOS%29/21%20Cut%20the%20Rope%20Magic%20F2P%201.15.1%20%284%29.ipa
,v1.15.1 (5),,https://archive.org/download/cut-the-rope-magic-app/Cut%20the%20Rope%20Magic%20F2P%20%28iOS%29/22%20Cut%20the%20Rope%20Magic%20F2P%201.15.1%20%285%29.ipa
,v1.17.0,,https://archive.org/download/cut-the-rope-magic-app/Cut%20the%20Rope%20Magic%20F2P%20%28iOS%29/23%20Cut%20the%20Rope%20Magic%20F2P%201.17.0.ipa
,v1.18.0,,https://archive.org/download/cut-the-rope-magic-app/Cut%20the%20Rope%20Magic%20F2P%20%28iOS%29/24%20Cut%20the%20Rope%20Magic%20F2P%201.18.0.ipa
,v1.18.1,,https://archive.org/download/cut-the-rope-magic-app/Cut%20the%20Rope%20Magic%20F2P%20%28iOS%29/25%20Cut%20the%20Rope%20Magic%20F2P%201.18.1.ipa
,v1.19.0,,https://archive.org/download/cut-the-rope-magic-app/Cut%20the%20Rope%20Magic%20F2P%20%28iOS%29/26%20Cut%20the%20Rope%20Magic%20F2P%201.19.0.ipa
,v1.20.0,,https://archive.org/download/cut-the-rope-magic-app/Cut%20the%20Rope%20Magic%20F2P%20%28iOS%29/27%20Cut%20the%20Rope%20Magic%20F2P%201.20.0.ipa
,v1.21.0,,https://archive.org/download/cut-the-rope-magic-app/Cut%20the%20Rope%20Magic%20F2P%20%28iOS%29/28%20Cut%20the%20Rope%20Magic%20F2P%201.21.0.ipa
,v1.22.0,,https://archive.org/download/cut-the-rope-magic-app/Cut%20the%20Rope%20Magic%20F2P%20%28iOS%29/29%20Cut%20the%20Rope%20Magic%20F2P%201.22.0.ipa
,v1.23.0,,https://archive.org/download/cut-the-rope-magic-app/Cut%20the%20Rope%20Magic%20F2P%20%28iOS%29/30%20Cut%20the%20Rope%20Magic%20F2P%201.23.0.ipa
,v1.25.0,,https://archive.org/download/cut-the-rope-magic-app/Cut%20the%20Rope%20Magic%20F2P%20%28iOS%29/31%20Cut%20the%20Rope%20Magic%20F2P%201.25.0.ipa
+ Cut the Rope: Magic GOLD,com.zeptolab.ctrmagicgold,magic.webp,,5
,v1.0.0 (1),,https://archive.org/download/cut-the-rope-magic-app/Cut%20the%20Rope%20Magic%20GOLD%20%28iOS%29/01%20Cut%20the%20Rope%20Magic%20GOLD%201.0.0%20%281%29.ipa
,v1.0.0 (2),,https://archive.org/download/cut-the-rope-magic-app/Cut%20the%20Rope%20Magic%20GOLD%20%28iOS%29/02%20Cut%20the%20Rope%20Magic%20GOLD%201.0.0%20%282%29.ipa
,v1.0.0 (3),,https://archive.org/download/cut-the-rope-magic-app/Cut%20the%20Rope%20Magic%20GOLD%20%28iOS%29/03%20Cut%20the%20Rope%20Magic%20GOLD%201.0.0%20%283%29.ipa
,v1.1.0,,https://archive.org/download/cut-the-rope-magic-app/Cut%20the%20Rope%20Magic%20GOLD%20%28iOS%29/04%20Cut%20the%20Rope%20Magic%20GOLD%201.1.0.ipa
,v1.1.1,,https://archive.org/download/cut-the-rope-magic-app/Cut%20the%20Rope%20Magic%20GOLD%20%28iOS%29/05%20Cut%20the%20Rope%20Magic%20GOLD%201.1.1.ipa
,v1.2.0,,https://archive.org/download/cut-the-rope-magic-app/Cut%20the%20Rope%20Magic%20GOLD%20%28iOS%29/06%20Cut%20the%20Rope%20Magic%20GOLD%201.2.0.ipa
,v1.3.0,,https://archive.org/download/cut-the-rope-magic-app/Cut%20the%20Rope%20Magic%20GOLD%20%28iOS%29/07%20Cut%20the%20Rope%20Magic%20GOLD%201.3.0.ipa
,v1.4.0,,https://archive.org/download/cut-the-rope-magic-app/Cut%20the%20Rope%20Magic%20GOLD%20%28iOS%29/08%20Cut%20the%20Rope%20Magic%20GOLD%201.4.0.ipa
,v1.4.1,,https://archive.org/download/cut-the-rope-magic-app/Cut%20the%20Rope%20Magic%20GOLD%20%28iOS%29/09%20Cut%20the%20Rope%20Magic%20GOLD%201.4.1.ipa
,v1.4.2,,https://archive.org/download/cut-the-rope-magic-app/Cut%20the%20Rope%20Magic%20GOLD%20%28iOS%29/10%20Cut%20the%20Rope%20Magic%20GOLD%201.4.2.ipa
,v1.5.0,,https://archive.org/download/cut-the-rope-magic-app/Cut%20the%20Rope%20Magic%20GOLD%20%28iOS%29/11%20Cut%20the%20Rope%20Magic%20GOLD%201.5.0.ipa
,v1.6.0,,https://archive.org/download/cut-the-rope-magic-app/Cut%20the%20Rope%20Magic%20GOLD%20%28iOS%29/12%20Cut%20the%20Rope%20Magic%20GOLD%201.6.0.ipa
,v1.7.0,,https://archive.org/download/cut-the-rope-magic-app/Cut%20the%20Rope%20Magic%20GOLD%20%28iOS%29/13%20Cut%20the%20Rope%20Magic%20GOLD%201.7.0.ipa
,v1.7.1,,https://archive.org/download/cut-the-rope-magic-app/Cut%20the%20Rope%20Magic%20GOLD%20%28iOS%29/14%20Cut%20the%20Rope%20Magic%20GOLD%201.7.1.ipa
,v1.8.0,,https://archive.org/download/cut-the-rope-magic-app/Cut%20the%20Rope%20Magic%20GOLD%20%28iOS%29/15%20Cut%20the%20Rope%20Magic%20GOLD%201.8.0.ipa
,v1.8.1,,https://archive.org/download/cut-the-rope-magic-app/Cut%20the%20Rope%20Magic%20GOLD%20%28iOS%29/16%20Cut%20the%20Rope%20Magic%20GOLD%201.8.1.ipa
,v1.9.0,,https://archive.org/download/cut-the-rope-magic-app/Cut%20the%20Rope%20Magic%20GOLD%20%28iOS%29/17%20Cut%20the%20Rope%20Magic%20GOLD%201.9.0.ipa
,v1.10.0,,https://archive.org/download/cut-the-rope-magic-app/Cut%20the%20Rope%20Magic%20GOLD%20%28iOS%29/18%20Cut%20the%20Rope%20Magic%20GOLD%201.10.0.ipa
,v1.11.0,,https://archive.org/download/cut-the-rope-magic-app/Cut%20the%20Rope%20Magic%20GOLD%20%28iOS%29/19%20Cut%20the%20Rope%20Magic%20GOLD%201.11.0.ipa
Cut the Rope Remastered,com.zeptolab.cuttheroperem,modern.webp,,8
,v1.0.1,,https://archive.org/download/cut-the-rope-remastered/Cut%20the%20Rope%20Remastered%201.0.1.ipa
,v1.0.2,,https://archive.org/download/cut-the-rope-remastered/Cut%20the%20Rope%20Remastered%201.0.2.ipa
,v1.1.0,,https://archive.org/download/cut-the-rope-remastered/Cut%20the%20Rope%20Remastered%201.1.0.ipa
,v1.2.0,,https://archive.org/download/cut-the-rope-remastered/Cut%20the%20Rope%20Remastered%201.2.0.ipa
,,,https://iosvizor.com/games/puzzle/cut-the-rope-remastered/download/v2.7.0-ipa/
Cut the Rope 3,com.zeptolab.cuttherope3,modern.webp,,8
,v1.6.0,,https://iosvizor.com/games/cut-the-rope-3/download/v1.6.0-ipa/
Cut the Rope: Holiday Gift,com.zeptolab.cuttheropexmas,holidaygift.webp,,5
,v1.0,,https://archive.org/download/cut-the-rope-holiday-gift-all-versions/Cut%20the%20Rope%20Holiday%20Gift%201.0.ipa
,,,https://archive.org/download/cut-the-rope_202301/Cut%20the%20Rope%20Holiday%20Gift%201.0%201.ipa
,v1.1,,https://archive.org/download/cut-the-rope-holiday-gift-all-versions/Cut%20the%20Rope%20Holiday%20Gift%201.1.ipa
,v1.5,,https://archive.org/download/cut-the-rope-holiday-gift-all-versions/Cut%20the%20Rope%20Holiday%20Gift%201.5.ipa
,v1.5.1,,https://archive.org/download/cut-the-rope-holiday-gift-all-versions/Cut%20the%20Rope%20Holiday%20Gift%201.5.1.ipa
,v1.6,,https://archive.org/download/cut-the-rope-holiday-gift-all-versions/Cut%20the%20Rope%20Holiday%20Gift%201.6.ipa
,,,https://archive.org/download/cut-the-rope_202301/Cut%2Bthe%2BRope%2BHoliday%2BGift%2B1.6.1.ipa
,v1.6.1,,https://archive.org/download/cut-the-rope-holiday-gift-all-versions/Cut%20the%20Rope%20Holiday%20Gift%201.6.1.ipa
,,,https://archive.org/download/Cut_the_Rope__Holiday_Gift_1.6.1_ios_4.3/Cut_the_Rope__Holiday_Gift_1.6.1_ios_4.3.ipa
,v1.7,,https://archive.org/download/cut-the-rope-holiday-gift-all-versions/Cut%20the%20Rope%20Holiday%20Gift%201.7.ipa
Om Nom Candy Flick,com.zeptolab.omnomcandyflick,yeet.webp,,5
,v1.0,,https://archive.org/download/om-nom-candy-flick/Om%20Nom%20Candy%20Flick%201.0.ipa
,,,https://archive.org/download/cut-the-rope_202301/Om%2BNom%2BCandy%2BFlick-1.0%2B%28appifan%29.ipa
,v1.1,,https://archive.org/download/om-nom-candy-flick/Om%20Nom%20Candy%20Flick%201.1.ipa
,v2.2,,https://archive.org/download/om-nom-candy-flick/Om%20Nom%20Candy%20Flick%202.2.ipa
My Om Nom,com.zeptolab.myomnom,myomnom.webp,,5
,v1.1.1,,https://archive.org/download/my-om-nom/My%20Om%20Nom%201.1.1.ipa
,,,https://iosvizor.com/games/other/moy-am-nyam/download/v1.1.8-ipa/
,v1.1.3,,https://archive.org/download/my-om-nom/My%20Om%20Nom%201.1.3.ipa
,v1.1.4,,https://archive.org/download/my-om-nom/My%20Om%20Nom%201.1.4.ipa
,v1.1.5,,https://archive.org/download/my-om-nom/My%20Om%20Nom%201.1.5.ipa
,v1.1.7,,https://archive.org/download/my-om-nom/My%20Om%20Nom%201.1.7.ipa
,v1.1.8,,https://archive.org/download/my-om-nom/My%20Om%20Nom%201.1.8.ipa
Om Nom Toons,com.zeptolab.omnomtoons,toons.webp,,4
,v9.0,,https://archive.org/download/zeptolab-om-nom-toons-i-os-9.0/Zeptolab%20Om%20Nom%20Toons%20iOS%209.0.ipa
Om Nom Bubbles,com.zeptolab.omnombubbles,bubbles.webp,,3
,v1.0,,https://archive.org/download/om-nom-bubbles/OmNomBubbles%201.0.ipa
Om Nom Sweet Dreams,com.zeptolab.dreams,onsweetdreams.webp,,3
,v1.0 #21,,https://archive.org/download/com.zeptolab.dreams/Dreams%201.0%20%2321.ipa
,v1.0 #58,,https://archive.org/download/com.zeptolab.dreams/Dreams%201.0%20%2358.ipa
,v1.0 #68,,https://archive.org/download/com.zeptolab.dreams/Dreams%201.0%20%2368.ipa
,v1.0 #81,,https://archive.org/download/com.zeptolab.dreams/Dreams%201.0%20%2381.ipa
